row_id,application_name,permission_name,permission_description,platform_category,platform_type,capability,function,data_classification,account_type,managed_by,provided_by,additional_info
1,ERP_SYSTEM,READ_ONLY_ACCESS,Read only access to ERP,WAN,CLOUD,Read Only,Business,Public,Human,Active Directory,IAM_TEAM,
2,CRM_SYSTEM,ADMIN_ACCESS,Full administrative access,DATABASE,ON-PREM,Admin,IT,Confidential-NPI,Human Temporary or Shared,Local,IAM_TEAM,
3,HR_PORTAL,DELETE_RECORDS,Permission to delete records,APPLICATION,SAAS,Modify,Business,Proprietary,Human,Active Directory,HR_ADMIN,
4,FINANCE_APP,WRITE_ACCESS,Write access to finance data,WAN,CLOUD,Modify,Business,Confidential-NTPI,Human,AD,IAM_TEAM,
5,NETWORK_TOOL,READ_ACCESS,,WAN,ON-PREM,Read Only,Business,Public,Human,Active Directory,NET_TEAM,
6,DATA_PLATFORM,SUPER_USER,Super user with all perms,DATABASE,CLOUD,admin,IT,Confidential-NPI-Agent,Human Temporary or Shared,AD,DATA_OWNER,High priority
7,LEGACY_SYSTEM,MOD_DATA,Modify existing records,APPLICATION,ON-PREM,Read Only,Business,Internal,Human,AD,LEGACY_TEAM,
8,SECURE_VAULT,ACCESS_VALUT,Access to secure vault,APPLICATION,CLOUD,Admin,Security,Proprietary,Human Temporary or Shared,AD,SEC_TEAM,
9,QUARANTINE_APP,QUARANTINE_ACCESS,Quarantined access test,APPLICATION,SAAS,Admin,IT,Internal,Human,AD,IAM_TEAM,
